<?xml version="1.0"?>
<doc>
    <assembly>
        <name>Crestron.SimplSharpPro.EthernetCommunications</name>
    </assembly>
    <members>
        <member name="T:Crestron.SimplSharpPro.EthernetCommunication.ThreeSeriesTcpIpEthernetIntersystemCommunications">
            <summary>
            The Three Series Ethernet ISC symbol allows Ethernet communication between two 3 series control systems that each have an Three Series Ethernet ISC symbol defined.
            </summary>
            <remarks>This device uses the TCP protocol and supports automatic staggering to reduce load.</remarks>
        </member>
        <member name="M:Crestron.SimplSharpPro.EthernetCommunication.ThreeSeriesTcpIpEthernetIntersystemCommunications.#ctor(System.UInt32,System.String,Crestron.SimplSharpPro.CrestronControlSystem)">
            <summary>
            Constructor to generate a new Dynamic Ethernet Intersystem Communication device.
            </summary>
            <param name="paramIPID">Ethernet IPID of the device.</param>
            <param name="paramIPAddressOrHostname">IP Address of the EISC to connect to.</param>
            <param name="paramControlSystem">Control system this ethernet interface is a part of.</param>
            <exception cref="T:System.NotSupportedException">When "CrestronEnvironment.DevicePlatform" is set to "eDevicePlatform.Server", this device is not supported. Use either <see cref="T:Crestron.SimplSharpPro.EthernetCommunication.EISCServer"/>, <see cref="T:Crestron.SimplSharpPro.EthernetCommunication.EISCClient"/>, or <see cref="T:Crestron.SimplSharpPro.EthernetCommunication.VirtualControlEISCClient"/>.</exception>
        </member>
        <member name="M:Crestron.SimplSharpPro.EthernetCommunication.ThreeSeriesTcpIpEthernetIntersystemCommunications.Dynamic_Ethernet_Intersystem_Communications.#ctor(System.UInt32,System.String,Crestron.SimplSharpPro.CrestronControlSystem)">
            <summary>
            Constructor used to add the device to the controller.             
            </summary>
            <param name="IPID">ID of this device</param>
            <param name="IPAddressOrHostname">IP Address or Hostname of this device.</param>
            <param name="Owner">Control System to add to. Currently only supports 'this'.</param>
        </member>
        <member name="T:Crestron.SimplSharpPro.EthernetCommunication.EthernetIntersystemCommunications">
            <summary>
            The Ethernet ISC symbol allows Ethernet communication between control systems (or other applications) that each have an Ethernet ISC symbol defined.
            </summary>
        </member>
        <member name="M:Crestron.SimplSharpPro.EthernetCommunication.EthernetIntersystemCommunications.#ctor(System.UInt32,System.String,Crestron.SimplSharpPro.CrestronControlSystem)">
            <summary>
            Constructor to generate a new Ethernet Intersystem Communication device.
            </summary>
            <param name="paramIPID">Ethernet IPID of the device.</param>
            <param name="paramIPAddressOrHostname">IP Address of the EISC to connect to. Specifying an IP Address of 127.0.0.2 allows for two
            programs on the same controller to talk to each other.</param>
            <param name="paramControlSystem">Control system this ethernet interface is a part of.</param>
            <exception cref="T:System.NotSupportedException">When "CrestronEnvironment.DevicePlatform" is set to "eDevicePlatform.Server", this device is not supported. Use either <see cref="T:Crestron.SimplSharpPro.EthernetCommunication.EISCServer"/>, <see cref="T:Crestron.SimplSharpPro.EthernetCommunication.EISCClient"/>, or <see cref="T:Crestron.SimplSharpPro.EthernetCommunication.VirtualControlEISCClient"/>.</exception>
        </member>
        <member name="M:Crestron.SimplSharpPro.EthernetCommunication.Ethernet_Intersystem_Communications.#ctor(System.UInt32,System.String,Crestron.SimplSharpPro.CrestronControlSystem)">
            <summary>
            Constructor used to add the device to the controller.             
            </summary>
            <param name="IPID">ID of this device</param>
            <param name="IPAddressOrHostname">IP Address or Hostname of this device.</param>
            <param name="Owner">Control System to add to. Currently only supports 'this'.</param>
        </member>
        <member name="T:Crestron.SimplSharpPro.EthernetCommunication.EISCServer">
            <summary>
            Class for the Ethernet Intersystem communication server - This will always be a TCP server. 
            This is an EISC server which always accepts incoming TCP connections.
            </summary>
        </member>
        <member name="M:Crestron.SimplSharpPro.EthernetCommunication.EISCServer.#ctor(System.UInt32,Crestron.SimplSharpPro.CrestronControlSystem)">
            <summary>
            Constructor to generate a new EISC Server device. This will always be the server and will wait for 
            a connection from a <see cref="T:Crestron.SimplSharpPro.EthernetCommunication.EISCClient"/> or <see cref="T:Crestron.SimplSharpPro.EthernetCommunication.VirtualControlEISCClient"/> device. 
            </summary>
            <param name="paramIPID">Ethernet IPID of the device.</param>
            <param name="paramControlSystem">Control system this ethernet interface is a part of.</param>
        </member>
        <member name="M:Crestron.SimplSharpPro.EthernetCommunication.EISCServer._CIPServerInterSystemCommunications.#ctor(System.UInt32,System.String,Crestron.SimplSharpPro.CrestronControlSystem)">
            <summary>
            Constructor used to add the device to the controller.             
            </summary>
            <param name="IPID">ID of this device</param>
            <param name="IPAddressOrHostname">IP Address or Hostname of this device.</param>
            <param name="Owner">Control System to add to. Currently only supports 'this'.</param>
        </member>
        <member name="T:Crestron.SimplSharpPro.EthernetCommunication.EISCClient">
            <summary>
            Class for the Ethernet Intersystem communication Client - This will always be a CIP Client.
            It is used to connect to a <see cref="T:Crestron.SimplSharpPro.EthernetCommunication.EISCServer"/>.
            </summary>
        </member>
        <member name="M:Crestron.SimplSharpPro.EthernetCommunication.EISCClient.#ctor(System.UInt32,System.String,Crestron.SimplSharpPro.CrestronControlSystem)">
            <summary>
            Constructor to generate a new Ethernet Intersystem Communication device. This will always be the client.
            It is used to connect to a <see cref="T:Crestron.SimplSharpPro.EthernetCommunication.EISCServer"/>.
            </summary>
            <param name="paramIPID">Ethernet IPID of the device.</param>
            <param name="IPAddressOrHostname">IP Address or Hostname of the <see cref="T:Crestron.SimplSharpPro.EthernetCommunication.EISCServer"/> device.</param>
            <param name="paramControlSystem">Control system this ethernet interface is a part of.</param>
        </member>
        <member name="M:Crestron.SimplSharpPro.EthernetCommunication.EISCClient.#ctor(System.UInt32,System.String,Crestron.SimplSharpPro.CrestronControlSystem,System.Boolean)">
            <summary>
            Constructor to generate a new Virtual Control Ethernet Intersystem Communication client.
            </summary>
            <param name="paramIPID">Ethernet IPID of the device.</param>
            <param name="roomId">ID of the room on the Virtual Control server.</param>
            <param name="paramControlSystem">Control system this ethernet interface is a part of.</param>
            <param name="bUseProgramInstanceId"> Indicates if we want to use the program Instance Id</param>
        </member>
        <member name="M:Crestron.SimplSharpPro.EthernetCommunication.EISCClient._CIPClientInterSystemCommunications.#ctor(System.UInt32,System.String,Crestron.SimplSharpPro.CrestronControlSystem,System.Boolean)">
            <summary>
            Constructor used to add the device to the controller.             
            </summary>
            <param name="IPID">ID of this device</param>
            <param name="IPAddressOrHostname">IP Address or Hostname of this device.</param>
            <param name="Owner">Control System to add to. Currently only supports 'this'.</param>
            <param name="bUseProgramInstanceId"> Use the program instance Id and register it as a different device</param>
        </member>
        <member name="T:Crestron.SimplSharpPro.EthernetCommunication.VirtualControlEISCClient">
            <summary>
            Class for the VirtualControlEISCClient - This will be a CIP client to an Virtual Control server.
            When running on a dedicated control system, the admin needs to set the global VirtualControlServer setting or else the registration will fail.
            When running on a Virtual Control server, this can be used to connect to a <see cref="T:Crestron.SimplSharpPro.EthernetCommunication.EISCServer"/> running at the specified IP Id in a program at the specified RoomID.
            The advantage of using this device over an <see cref="T:Crestron.SimplSharpPro.EthernetCommunication.EISCClient"/> is that, the device association is done based on the programInstanceId automatically.   
            <para>The global VirtualControlServer value is set via the VCServerAddr console command.</para>
            </summary>
        </member>
        <member name="M:Crestron.SimplSharpPro.EthernetCommunication.VirtualControlEISCClient.#ctor(System.UInt32,System.String,Crestron.SimplSharpPro.CrestronControlSystem)">
            <summary>
            Constructor to generate a new Virtual Control Ethernet Intersystem Communication device.
            </summary>
            <param name="paramIPID">Ethernet IPID of the <see cref="T:Crestron.SimplSharpPro.EthernetCommunication.EISCServer"/> running on the Virtual Control device.</param>
            <param name="roomId">ID of the room running the <see cref="T:Crestron.SimplSharpPro.EthernetCommunication.EISCServer"/> at the specified IP Id on the Virtual Control server.</param>
            <param name="paramControlSystem">Control system this ethernet interface is a part of.</param>
        </member>
        <member name="T:Crestron.SimplSharpPro.EthernetCommunication.CenSwPoe16">
            <summary>
            CEN POE Ethernet Switches with 16 ports
            </summary>
        </member>
        <member name="F:Crestron.SimplSharpPro.EthernetCommunication.CenSwPoe16._PortSettingsSlot">
            <summary>
            Ethernet Port Functions slot device.
            </summary>
        </member>
        <member name="F:Crestron.SimplSharpPro.EthernetCommunication.CenSwPoe16._TemperatureEventSlot">
            <summary>
            POE Switch Functions (Temperature/Fan Speed) slot device.
            </summary>
        </member>
        <member name="F:Crestron.SimplSharpPro.EthernetCommunication.CenSwPoe16._PoePortSettingsSlot">
            <summary>
            POE Port Settings slot device. 
            </summary>
        </member>
        <member name="F:Crestron.SimplSharpPro.EthernetCommunication.CenSwPoe16._PortEnableStatusFBs">
            <summary>
            Port Enable Status Feedback Joint Number List. 
            </summary>
        </member>
        <member name="F:Crestron.SimplSharpPro.EthernetCommunication.CenSwPoe16._LinkStatusFBs">
            <summary>
            Link Status Feedback Join Number List. 
            </summary>
        </member>
        <member name="F:Crestron.SimplSharpPro.EthernetCommunication.CenSwPoe16._AutoNegotiationSettingFBs">
            <summary>
            AutoNegotiation Setting Feedback Join Number List. 
            </summary>
        </member>
        <member name="F:Crestron.SimplSharpPro.EthernetCommunication.CenSwPoe16._FullDuplexSettingFBs">
            <summary>
            FullDuplex Setting Feedback Join Number List. 
            </summary>
        </member>
        <member name="F:Crestron.SimplSharpPro.EthernetCommunication.CenSwPoe16._LinkSpeedSettingFBs">
            <summary>
            Link Speed Setting Feedback Join Number List. 
            </summary>
        </member>
        <member name="F:Crestron.SimplSharpPro.EthernetCommunication.CenSwPoe16._PortPoeEnableSettingFBs">
            <summary>
            Port POE Enable Feedback Join Number List. 
            </summary>
        </member>
        <member name="F:Crestron.SimplSharpPro.EthernetCommunication.CenSwPoe16._PortPoeEnableOnBootSettingFBs">
            <summary>
            Port POE Enable on Boot Up Feedback Join Number List. 
            </summary>
        </member>
        <member name="F:Crestron.SimplSharpPro.EthernetCommunication.CenSwPoe16._PortPoeDeviceAttachedSettingFBs">
            <summary>
            Port POE Device Attached Feedback Join Number List. 
            </summary>
        </member>
        <member name="F:Crestron.SimplSharpPro.EthernetCommunication.CenSwPoe16._PowerUsedByDeviceFBs">
            <summary>
            Feedback Join Number List for reporting the power usage in mW for a powered a device wired to the designed port number. 
            </summary>
        </member>
        <member name="F:Crestron.SimplSharpPro.EthernetCommunication.CenSwPoe16._PowerAllocatedForDeviceFBs">
            <summary>
            Feedback Join Number List for reporting the power allocated in mW for a powered a device wired to the designed port number. 
            </summary>
        </member>
        <member name="F:Crestron.SimplSharpPro.EthernetCommunication.CenSwPoe16._PowerClassdForDeviceFBs">
            <summary>
            Feedback Join Number List for reporting the power class/requirements of a powered a device wired to the designed port number. 
            </summary>
        </member>
        <member name="M:Crestron.SimplSharpPro.EthernetCommunication.CenSwPoe16.#ctor(System.UInt32,Crestron.SimplSharpPro.CrestronControlSystem)">
            <summary>
            Constructor used to add the device to the controller.
            </summary>
            <param name="IPID">IPID of this device</param>
            <param name="paramControlSystem">Control System to add to. Currently only supports 'this'.</param>
        </member>
        <member name="M:Crestron.SimplSharpPro.EthernetCommunication.CenSwPoe16.InitializeDevice(Crestron.SimplSharpPro.CrestronDeviceWithEvents,Crestron.SimplSharpPro.CrestronDeviceWithEvents,Crestron.SimplSharpPro.CrestronDeviceWithEvents,Crestron.SimplSharpPro.CrestronDeviceWithEvents)">
            <summary>
            InitializeDevice.
            </summary>
            <param name="paramSIMPLDeviceInformation">SIMPL Windows implementation of the device.</param>
            <param name="paramPortSettingSlot">Port Setting function Device.</param>
            <param name="paramTemperatureEventSlot">POE Switch Temperature Event device.</param>
            <param name="paramPoePortSettingsSlot">POE Port setting function device.</param>
        </member>
        <member name="M:Crestron.SimplSharpPro.EthernetCommunication.CenSwPoe16.InitializePoePorts">
            <summary>
            Method to initialize the POE ports. 
            </summary>
        </member>
        <member name="M:Crestron.SimplSharpPro.EthernetCommunication.CenSwPoe16._PortSettingControlSlot_SigChange(Crestron.SimplSharpPro.CrestronDeviceWithEvents,Crestron.SimplSharpPro.SigEventArgs)">
            <summary>
            Subscription to the Port Settings slot. 
            </summary>
            <param name="currentDevice">Device that triggered the event.</param>
            <param name="args">Event arguments.</param>
        </member>
        <member name="M:Crestron.SimplSharpPro.EthernetCommunication.CenSwPoe16._TemperatureFanSpeedReadingSlot_SigChange(Crestron.SimplSharpPro.CrestronDeviceWithEvents,Crestron.SimplSharpPro.SigEventArgs)">
            <summary>
            Subscription to the Temperature / Fan Speed Readings slot. 
            </summary>
            <param name="currentDevice">Device that triggered the event.</param>
            <param name="args">Event arguments.</param>
        </member>
        <member name="M:Crestron.SimplSharpPro.EthernetCommunication.CenSwPoe16._PoePortSettingControlSlot_SigChange(Crestron.SimplSharpPro.CrestronDeviceWithEvents,Crestron.SimplSharpPro.SigEventArgs)">
            <summary>
            Subscription to the POE Port Settings slot. 
            </summary>
            <param name="currentDevice">Device that triggered the event.</param>
            <param name="args">Event arguments.</param>
        </member>
        <member name="T:Crestron.SimplSharpPro.EthernetCommunication.Ethernet_CEN_SWPOE_16">
            <summary>
            Actual device.
            </summary>
        </member>
        <member name="M:Crestron.SimplSharpPro.EthernetCommunication.Ethernet_CEN_SWPOE_16.#ctor(System.UInt32,Crestron.SimplSharpPro.CrestronControlSystem)">
            <summary>
            Constructor used to add the device to the controller.
            
            </summary>
            <param name="IPID">ID of this device</param>
            <param name="Owner">Control System to add to. Currently only supports 'this'.</param>
        </member>
        <member name="M:Crestron.SimplSharpPro.EthernetCommunication.Ethernet_CEN_SWPOE_16.CEN_SWPOE_16_Port_Settings.#ctor(Crestron.SimplSharpProInternal.CrestronDevice)">
            <summary>
            Device Constructor.
            
            </summary>
            <param name="paramParentDevice">Device to add this device to.</param>
        </member>
        <member name="M:Crestron.SimplSharpPro.EthernetCommunication.Ethernet_CEN_SWPOE_16.CEN_SWPOE_16_Temperature_Settings.#ctor(Crestron.SimplSharpProInternal.CrestronDevice)">
            <summary>
            Device Constructor.
            
            </summary>
            <param name="paramParentDevice">Device to add this device to.</param>
        </member>
        <member name="M:Crestron.SimplSharpPro.EthernetCommunication.Ethernet_CEN_SWPOE_16.CEN_SWPOE_16_POE_Settings.#ctor(Crestron.SimplSharpProInternal.CrestronDevice)">
            <summary>
            Device Constructor.
            
            </summary>
            <param name="paramParentDevice">Device to add this device to.</param>
        </member>
        <member name="T:Crestron.SimplSharpPro.EthernetCommunication.ePortState">
            <summary>
            Enumeration to define the different states of an Ethernet port.
            </summary>
        </member>
        <member name="F:Crestron.SimplSharpPro.EthernetCommunication.ePortState.NA">
            <summary>
            State Not Available.
            </summary>
        </member>
        <member name="F:Crestron.SimplSharpPro.EthernetCommunication.ePortState.Enabled">
            <summary>
            Port Enabled.
            </summary>
        </member>
        <member name="F:Crestron.SimplSharpPro.EthernetCommunication.ePortState.Disabled">
            <summary>
            Port Disabled.
            </summary>
        </member>
        <member name="F:Crestron.SimplSharpPro.EthernetCommunication.ePortState.LinkUp">
            <summary>
            Link Up.
            </summary>
        </member>
        <member name="F:Crestron.SimplSharpPro.EthernetCommunication.ePortState.LinkDown">
            <summary>
            Link Down.
            </summary>
        </member>
        <member name="F:Crestron.SimplSharpPro.EthernetCommunication.ePortState.AutoNegotiationOn">
            <summary>
            AutoNegotiation On.
            </summary>
        </member>
        <member name="F:Crestron.SimplSharpPro.EthernetCommunication.ePortState.AutoNegotiationOff">
            <summary>
            AutoNegotiation Off.
            </summary>
        </member>
        <member name="F:Crestron.SimplSharpPro.EthernetCommunication.ePortState.FullDuplex">
            <summary>
            FullDuplex.
            </summary>
        </member>
        <member name="F:Crestron.SimplSharpPro.EthernetCommunication.ePortState.HalfDuplex">
            <summary>
            HalfDuplex.
            </summary>
        </member>
        <member name="F:Crestron.SimplSharpPro.EthernetCommunication.ePortState.LinkSpeedChanged">
            <summary>
            Link Speed changed.
            </summary>
        </member>
        <member name="T:Crestron.SimplSharpPro.EthernetCommunication.PortEventArgs">
            <summary>
            Event arguments to detail an Ethernet port changes when state information is received.
            </summary>
        </member>
        <member name="P:Crestron.SimplSharpPro.EthernetCommunication.PortEventArgs.NewPortState">
            <summary>
            New state of the port
            </summary>
        </member>
        <member name="P:Crestron.SimplSharpPro.EthernetCommunication.PortEventArgs.Port">
            <summary>
            The port that triggered the event.
            </summary>
        </member>
        <member name="M:Crestron.SimplSharpPro.EthernetCommunication.PortEventArgs.#ctor(Crestron.SimplSharpPro.EthernetCommunication.Port,Crestron.SimplSharpPro.EthernetCommunication.ePortState)">
            <summary>
            Constructor to generate new event arguments.
            </summary>
            <param name="paramPort">Port that triggered the event.</param>
            <param name="paramPortState">New state of the port when the event was triggered.</param>
        </member>
        <member name="T:Crestron.SimplSharpPro.EthernetCommunication.PortEventHandler">
            <summary>
            Delegate definition for the Ethernet port event handler.
            </summary>
            <param name="device">Device that the port event was triggered from.</param>
            <param name="args">Argument used to describe the event.</param>
        </member>
        <member name="T:Crestron.SimplSharpPro.EthernetCommunication.Port">
            <summary>
            A public class (Ethernet) Port for Crestron Simpl# Pro.
            </summary>
        </member>
        <member name="F:Crestron.SimplSharpPro.EthernetCommunication.Port._Enable">
            <summary>
            Input to enable an Ethernet Port when it is high/1 (Rising edge).
            </summary>
        </member>
        <member name="F:Crestron.SimplSharpPro.EthernetCommunication.Port._EnableFB">
            <summary>
            An Ethernet Port is enabled when it is high.
            </summary>
        </member>
        <member name="F:Crestron.SimplSharpPro.EthernetCommunication.Port._Disable">
            <summary>
            Input to disable an Ethernet Port when it is high/1 (Rising edge).
            </summary>
        </member>
        <member name="F:Crestron.SimplSharpPro.EthernetCommunication.Port._LinkStatusFB">
            <summary>
            An Ethernet port link is on when it is high.
            </summary>
        </member>
        <member name="F:Crestron.SimplSharpPro.EthernetCommunication.Port._AutoNegotiationFB">
            <summary>
            An Ethernet Port Auto Negotiation is on when it is high.
            </summary>
        </member>
        <member name="F:Crestron.SimplSharpPro.EthernetCommunication.Port._FullDuplexFB">
            <summary>
            An Ethernet Port is  full duplex when it is high.
            </summary>
        </member>
        <member name="F:Crestron.SimplSharpPro.EthernetCommunication.Port._LinkSpeedFB">
            <summary>
            Reports an Ethernet port's link speed.
            </summary>
        </member>
        <member name="P:Crestron.SimplSharpPro.EthernetCommunication.Port.Number">
            <summary>
            Number of this port on the device.
            </summary>
        </member>
        <member name="P:Crestron.SimplSharpPro.EthernetCommunication.Port.EthernetState">
            <summary>
            Current state of the port when last event received from the device.
            </summary>
        </member>
        <member name="P:Crestron.SimplSharpPro.EthernetCommunication.Port.InputForEnable">
            <summary>
            Input status for enabling an Ethernet port.
            A rising edge to enable to port.
            </summary>
        </member>
        <member name="M:Crestron.SimplSharpPro.EthernetCommunication.Port.Enable">
            <summary>
            Method to enable an Ethernet port with a rising edge.
            </summary>
        </member>
        <member name="P:Crestron.SimplSharpPro.EthernetCommunication.Port.EnableFeedback">
            <summary>
            Reports if a port is enabled.
            An Ethernet port is enabled when it is true 
            and the port is disabled when it is false.
            </summary>
        </member>
        <member name="P:Crestron.SimplSharpPro.EthernetCommunication.Port.InputForDisable">
            <summary>
            Input status for disabling an Ethernet Port.
            A rising edge to disable the port.
            </summary>
        </member>
        <member name="M:Crestron.SimplSharpPro.EthernetCommunication.Port.Disable">
            <summary>
            Method to disable an Ethernet port with a rising edge.
            </summary>
        </member>
        <member name="P:Crestron.SimplSharpPro.EthernetCommunication.Port.LinkStatusFeedback">
            <summary>
            Reports a port link status.
            An Ethernet port link is on when it is true
            and the link is off when it is false.
            </summary>
        </member>
        <member name="P:Crestron.SimplSharpPro.EthernetCommunication.Port.AutoNegotiationFeedback">
            <summary>
            Reports a port auto negotiation setting.
            An Ethernet port auto negotiation is on when it is true
            and the auto negotiation is off when it is false.
            </summary>
        </member>
        <member name="P:Crestron.SimplSharpPro.EthernetCommunication.Port.FullDuplexSettingFeedback">
            <summary>
            Reports a port full duplex settings.
            An Ethernet port is  full duplex when it is true
            and the port is half duplex when it is false.
            </summary>
        </member>
        <member name="P:Crestron.SimplSharpPro.EthernetCommunication.Port.LinkSpeedFeedback">
            <summary>
            Reports an Ethernet port's link speed.
            Link Speed = 10,100,or 1000 (Mbps)
            </summary>
        </member>
        <member name="M:Crestron.SimplSharpPro.EthernetCommunication.Port.#ctor(System.UInt32)">
            <summary>
            Constructor to generate a new Crestron Port Object.
            </summary>
            <param name="paramNumber">Number of this Port.</param>
        </member>
        <member name="M:Crestron.SimplSharpPro.EthernetCommunication.Port.InitializePort(Crestron.SimplSharpPro.BoolInputSig,Crestron.SimplSharpPro.BoolOutputSig,Crestron.SimplSharpPro.BoolInputSig,Crestron.SimplSharpPro.BoolOutputSig,Crestron.SimplSharpPro.BoolOutputSig,Crestron.SimplSharpPro.BoolOutputSig,Crestron.SimplSharpPro.UShortOutputSig)">
            <summary>
            Initialize an Ethernet port.
            </summary>
        </member>
        <member name="T:Crestron.SimplSharpPro.EthernetCommunication.EthernetSwitchBase">
            <summary>
            Base class for Ethernet Switch devices.
            </summary>
        </member>
        <member name="F:Crestron.SimplSharpPro.EthernetCommunication.EthernetSwitchBase._Ports">
            <summary>
            Collection that contains Ethernet Port objects.
            </summary>
        </member>
        <member name="P:Crestron.SimplSharpPro.EthernetCommunication.EthernetSwitchBase.Ports">
            <summary>
            Collection of Ethernet ports supported by the device.
            </summary>
        </member>
        <member name="M:Crestron.SimplSharpPro.EthernetCommunication.EthernetSwitchBase.#ctor(System.String,System.Object)">
            <summary>
            Constructor for instantiating Ethernet switch devices.
            </summary>
            <param name="paramDeviceName">Name of the Ethernet switch device.</param>
            <param name="paramParent">The parent that a given object was added to.</param>
        </member>
        <member name="M:Crestron.SimplSharpPro.EthernetCommunication.EthernetSwitchBase.InitializeEthernetSwitchBase">
            <summary>
            Method to initialize the Ethernet switch base. 
            </summary>
        </member>
        <member name="M:Crestron.SimplSharpPro.EthernetCommunication.EthernetSwitchBase.OnPortStateChange(Crestron.SimplSharpPro.EthernetCommunication.PortEventArgs)">
            <summary>
            Event handler for Ethernet Port events.
            </summary>
            <param name="args">Ethernet Port event argument.</param>
        </member>
        <member name="E:Crestron.SimplSharpPro.EthernetCommunication.EthernetSwitchBase.PortStateChange">
            <summary>
            Event fired when a Ethernet port state change was received from the device.
            </summary>
        </member>
        <member name="T:Crestron.SimplSharpPro.EthernetCommunication.ePoePortState">
            <summary>
            Enumeration that defines a POE port state.
            </summary>
        </member>
        <member name="F:Crestron.SimplSharpPro.EthernetCommunication.ePoePortState.NA">
            <summary>
            State Not Available.
            </summary>
        </member>
        <member name="F:Crestron.SimplSharpPro.EthernetCommunication.ePoePortState.PoeEnabled">
            <summary>
            POE Enabled.
            </summary>
        </member>
        <member name="F:Crestron.SimplSharpPro.EthernetCommunication.ePoePortState.PoeDisabled">
            <summary>
            POE Disabled.
            </summary>
        </member>
        <member name="F:Crestron.SimplSharpPro.EthernetCommunication.ePoePortState.PoeEnabledOnBoot">
            <summary>
            POE Enabled On Boot.
            </summary>
        </member>
        <member name="F:Crestron.SimplSharpPro.EthernetCommunication.ePoePortState.PoeDisabledOnBoot">
            <summary>
            POE Disabled On Boot.
            </summary>
        </member>
        <member name="F:Crestron.SimplSharpPro.EthernetCommunication.ePoePortState.PoeDeviceAttached">
            <summary>
            POE Device Attached.
            </summary>
        </member>
        <member name="F:Crestron.SimplSharpPro.EthernetCommunication.ePoePortState.PoeDeviceNotAttached">
            <summary>
            POE Device Not Attached.
            </summary>
        </member>
        <member name="F:Crestron.SimplSharpPro.EthernetCommunication.ePoePortState.PowerUsageChanged">
            <summary>
            The power usage in mW for a powered device wired to the designated port number changed.
            A user can read the corresponding analog property for this output feedback reading.
            </summary>
        </member>
        <member name="F:Crestron.SimplSharpPro.EthernetCommunication.ePoePortState.PowerAllocatedChanged">
            <summary>
            The power allocated in mW for powered device wired to the designated port number changed.
            A user can read the corresponding analog property for this output feedback reading.
            </summary>
        </member>
        <member name="F:Crestron.SimplSharpPro.EthernetCommunication.ePoePortState.PowerClassChanged">
            <summary>
            The power class of a power device wired to the designated port number changed.
            A user can read the corresponding string property for this output feedback reading.
            </summary>
        </member>
        <member name="T:Crestron.SimplSharpPro.EthernetCommunication.PoePortEventArgs">
            <summary>
            Event arguments to detail POE port changes when state information is received.
            </summary>
        </member>
        <member name="P:Crestron.SimplSharpPro.EthernetCommunication.PoePortEventArgs.NewPoePortState">
            <summary>
            New state of a POE port
            </summary>
        </member>
        <member name="P:Crestron.SimplSharpPro.EthernetCommunication.PoePortEventArgs.PoePort">
            <summary>
            The port that triggered the event.
            </summary>
        </member>
        <member name="M:Crestron.SimplSharpPro.EthernetCommunication.PoePortEventArgs.#ctor(Crestron.SimplSharpPro.EthernetCommunication.PoePort,Crestron.SimplSharpPro.EthernetCommunication.ePoePortState)">
            <summary>
            Constructor to generate new event arguments.
            </summary>
            <param name="paramPoePort">POE Port that triggered the event.</param>
            <param name="paramPoePortState">New state of the POE port when the event was triggered.</param>
        </member>
        <member name="T:Crestron.SimplSharpPro.EthernetCommunication.PoePortEventHandler">
            <summary>
            Delegate definition for the port event handler.
            </summary>
            <param name="device">Device that the port event was triggered from.</param>
            <param name="args">Argument used to describe the event.</param>
        </member>
        <member name="T:Crestron.SimplSharpPro.EthernetCommunication.PoePort">
            <summary>
            Class for Crestron POE Port used in Simpl# Pro.
            </summary>
        </member>
        <member name="F:Crestron.SimplSharpPro.EthernetCommunication.PoePort._PoeEnable">
            <summary>
            Input to enable Port POE when it is true/1 (Rising edge).
            </summary>
        </member>
        <member name="F:Crestron.SimplSharpPro.EthernetCommunication.PoePort._PoeEnableFB">
            <summary>
            Port POE enabled when it is true. Port POE disabled when it is false.
            </summary>
        </member>
        <member name="F:Crestron.SimplSharpPro.EthernetCommunication.PoePort._PoeDisable">
            <summary>
            Input to disable Port POE when it is true/1 (Rising edge).
            </summary>
        </member>
        <member name="F:Crestron.SimplSharpPro.EthernetCommunication.PoePort._PoeEnableOnBoot">
            <summary>
            Input to enable port POE on boot up when it is true/1 (Rising edge).
            </summary>
        </member>
        <member name="F:Crestron.SimplSharpPro.EthernetCommunication.PoePort._PoeEnableOnBootFB">
            <summary>
            Port POE is enabled on boot up when it is true/1 (Rising edge).
            </summary>
        </member>
        <member name="F:Crestron.SimplSharpPro.EthernetCommunication.PoePort._PoeDisableOnBoot">
            <summary>
            Input to disable port POE on boot up when it is true/1 (Rising edge).
            </summary>
        </member>
        <member name="F:Crestron.SimplSharpPro.EthernetCommunication.PoePort._PoeDeviceAttachedFB">
            <summary>
            A POE device is attached on the port when it is true.
            </summary>
        </member>
        <member name="F:Crestron.SimplSharpPro.EthernetCommunication.PoePort._PoePowerUsedFB">
            <summary>
            Power used in mW for the device attached to this port.
            </summary>
        </member>
        <member name="F:Crestron.SimplSharpPro.EthernetCommunication.PoePort._PoePowerAllocatedFB">
            <summary>
            Power in mW allocated for the device attached to this port.
            </summary>
        </member>
        <member name="F:Crestron.SimplSharpPro.EthernetCommunication.PoePort._PoePowerClassFB">
            <summary>
            Power class required by the device attached to this port.
            </summary>
        </member>
        <member name="P:Crestron.SimplSharpPro.EthernetCommunication.PoePort.PoeState">
            <summary>
            Current state of the port when last event received from the device.
            </summary>
        </member>
        <member name="P:Crestron.SimplSharpPro.EthernetCommunication.PoePort.InputForPoeEnable">
            <summary>
            Input status to enable port POE when it is true/1 (Rising edge).
            </summary>
        </member>
        <member name="M:Crestron.SimplSharpPro.EthernetCommunication.PoePort.PoeEnable">
            <summary>
            Method to enable port POE with a rising edge.
            </summary>
        </member>
        <member name="P:Crestron.SimplSharpPro.EthernetCommunication.PoePort.PoeEnableFeedback">
            <summary>
            Reports if a PoE port is enabled.
            Port POE enabled when it is true and disable when it is false.
            </summary>
        </member>
        <member name="P:Crestron.SimplSharpPro.EthernetCommunication.PoePort.InputForPoeDisable">
            <summary>
            Input status to disable Port POE when it is true/1 (Rising edge).
            </summary>
        </member>
        <member name="M:Crestron.SimplSharpPro.EthernetCommunication.PoePort.PoeDisable">
            <summary>
            Method to disable port POE with a rising edge.
            </summary>
        </member>
        <member name="P:Crestron.SimplSharpPro.EthernetCommunication.PoePort.InputForPoeEnableOnBoot">
            <summary>
            Input status to enable port POE on boot up when it is true/1 (Rising edge).
            </summary>
        </member>
        <member name="M:Crestron.SimplSharpPro.EthernetCommunication.PoePort.PoeEnableOnBoot">
            <summary>
            Method to enable port POE on boot up with a rising edge.
            </summary>
        </member>
        <member name="P:Crestron.SimplSharpPro.EthernetCommunication.PoePort.PoeEnableOnBootFeedback">
            <summary>
            Reports if a port's POE is enabled on boot up.
            Port POE is enabled on boot up when it is true 
            and is disabled on boot up when it is false.
            </summary>
        </member>
        <member name="P:Crestron.SimplSharpPro.EthernetCommunication.PoePort.InputForPoeDisableOnBoot">
            <summary>
            Input status to disable Port POE on boot up. A rising edge
            will disable the POE on boot up.
            </summary>
        </member>
        <member name="M:Crestron.SimplSharpPro.EthernetCommunication.PoePort.PoeDisableOnBoot">
            <summary>
            Method to disable Port POE on boot up with a rising edge
            </summary>
        </member>
        <member name="P:Crestron.SimplSharpPro.EthernetCommunication.PoePort.PoeDeviceAttachedFeedback">
            <summary>
            Reports if a PoE device is attached on a port.
            A POE device is attached on the port when it is true
            and no POE device is attached when it is false.
            </summary>
        </member>
        <member name="P:Crestron.SimplSharpPro.EthernetCommunication.PoePort.PoePowerUsedFeedback">
            <summary>
            Power used in mW for the device attached to this port.
            </summary>
        </member>
        <member name="P:Crestron.SimplSharpPro.EthernetCommunication.PoePort.PoePowerAllocatedFeedback">
            <summary>
            Power allocated in mW for the device attached to this port.
            </summary>
        </member>
        <member name="P:Crestron.SimplSharpPro.EthernetCommunication.PoePort.PoePowerClass">
            <summary>
            Power class required by the device attached to this port.
            </summary>
        </member>
        <member name="M:Crestron.SimplSharpPro.EthernetCommunication.PoePort.#ctor(System.UInt32)">
            <summary>
            Constructor to generate a new Crestron POE Port Object.
            </summary>
            <param name="paramNumber">Number of this POE Port.</param>
        </member>
        <member name="M:Crestron.SimplSharpPro.EthernetCommunication.PoePort.InitializePoePort(Crestron.SimplSharpPro.BoolInputSig,Crestron.SimplSharpPro.BoolOutputSig,Crestron.SimplSharpPro.BoolInputSig,Crestron.SimplSharpPro.BoolInputSig,Crestron.SimplSharpPro.BoolOutputSig,Crestron.SimplSharpPro.BoolInputSig,Crestron.SimplSharpPro.BoolOutputSig,Crestron.SimplSharpPro.UShortOutputSig,Crestron.SimplSharpPro.UShortOutputSig,Crestron.SimplSharpPro.StringOutputSig)">
            <summary>
            Method to initialize a POE port. 
            </summary>
        </member>
        <member name="T:Crestron.SimplSharpPro.EthernetCommunication.PoeSwitchBase">
            <summary>
            Base class for POE Switch devices.
            </summary>
        </member>
        <member name="F:Crestron.SimplSharpPro.EthernetCommunication.PoeSwitchBase.TemperatureInCelsiusFeedbackEventId">
            <summary>
            Event ID for the base event to report the switch temperature change in degree Celsius.
            </summary>
        </member>
        <member name="F:Crestron.SimplSharpPro.EthernetCommunication.PoeSwitchBase._TemperatureFeedbackInC">
            <summary>
            Reports the POE switch's temperature in degree Celsius.
            </summary>
        </member>
        <member name="F:Crestron.SimplSharpPro.EthernetCommunication.PoeSwitchBase.TemperatureInFahrenheitFeedbackEventId">
            <summary>
            Event ID for the base event to report the switch temperature change in degree Fahrenheit.
            </summary>
        </member>
        <member name="F:Crestron.SimplSharpPro.EthernetCommunication.PoeSwitchBase._TemperatureFeedbackInF">
            <summary>
            Reports the POE switch's temperature in degree Fahrenheit.
            </summary>
        </member>
        <member name="F:Crestron.SimplSharpPro.EthernetCommunication.PoeSwitchBase.FanSpeedInRPMFeedbackEventId">
            <summary>
            Event ID for the base event to report the switch fan speed change in RPM.
            </summary>
        </member>
        <member name="F:Crestron.SimplSharpPro.EthernetCommunication.PoeSwitchBase._FanSpeedFeedbackInRPM">
            <summary>
            Indicates the POE switch's cooling fan speed in rpm's.
            </summary>
        </member>
        <member name="F:Crestron.SimplSharpPro.EthernetCommunication.PoeSwitchBase.FanSpeedInPercentFeedbackEventId">
            <summary>
            Event ID for the base event to report the switch fan speed change in percent of 6553.
            </summary>
        </member>
        <member name="F:Crestron.SimplSharpPro.EthernetCommunication.PoeSwitchBase._FanSpeedFeedbackInPercentage">
            <summary>
            Indicates the POE switch's cooling fan speed in percent of 65535.
            </summary>
        </member>
        <member name="F:Crestron.SimplSharpPro.EthernetCommunication.PoeSwitchBase._PoePorts">
            <summary>
            Collection that contains POE Port objects.
            </summary>
        </member>
        <member name="F:Crestron.SimplSharpPro.EthernetCommunication.PoeSwitchBase._PoeEnableAll">
            <summary>
            Enables all the POE ports on the switch as long as the input is true.
            No effect when the input is false.
            </summary>
        </member>
        <member name="F:Crestron.SimplSharpPro.EthernetCommunication.PoeSwitchBase._PoeDisableAll">
            <summary>
            Disables all the POE ports on the switch as long as the input is true.
            No effect when the input is false.
            </summary>
        </member>
        <member name="P:Crestron.SimplSharpPro.EthernetCommunication.PoeSwitchBase.Ports">
            <summary>
            Collection of POE ports supported by the device.
            </summary>
        </member>
        <member name="P:Crestron.SimplSharpPro.EthernetCommunication.PoeSwitchBase.EnableAllPoePorts">
            <summary>
            Input status for enabling all the POE ports on the switch when applies a rising edge.
            </summary>
        </member>
        <member name="M:Crestron.SimplSharpPro.EthernetCommunication.PoeSwitchBase.PoeEnableAll">
            <summary>
            Method to  enable all the POE ports on the switch with a rising edge.
            </summary>
        </member>
        <member name="P:Crestron.SimplSharpPro.EthernetCommunication.PoeSwitchBase.DisableAllPoePorts">
            <summary>
            Input status to disable all the POE ports on the switch when a rising edge is applied.
            </summary>
        </member>
        <member name="M:Crestron.SimplSharpPro.EthernetCommunication.PoeSwitchBase.PoeDisableAll">
            <summary>
            Method to disable all the POE ports on the switch with a rising edge.
            </summary>
        </member>
        <member name="P:Crestron.SimplSharpPro.EthernetCommunication.PoeSwitchBase.TemperatureFeedbackInCelsius">
            <summary>
            Reports the POE switch's temperature in degree Celsius.
            </summary>
        </member>
        <member name="P:Crestron.SimplSharpPro.EthernetCommunication.PoeSwitchBase.TemperatureFeedbackInFahrenheit">
            <summary>
            Reports the POE switch's temperature in degree Fahrenheit.
            </summary>
        </member>
        <member name="P:Crestron.SimplSharpPro.EthernetCommunication.PoeSwitchBase.FanSpeedFeedbackInRPM">
            <summary>
            Indicates the POE switch's cooling fan speed in rpm's.
            </summary>
        </member>
        <member name="P:Crestron.SimplSharpPro.EthernetCommunication.PoeSwitchBase.FanSpeedFeedbackInPercent">
            <summary>
            Indicates the POE switch's cooling fan speed in percent of 65535.
            </summary>
        </member>
        <member name="M:Crestron.SimplSharpPro.EthernetCommunication.PoeSwitchBase.#ctor(System.String,System.Object)">
            <summary>
            Constructor for instantiating POE switch devices.
            </summary>
            <param name="paramDeviceName">Name of the POE switch device.</param>
            <param name="paramParent">The parent that a given object was added to.</param>
        </member>
        <member name="M:Crestron.SimplSharpPro.EthernetCommunication.PoeSwitchBase.InitializePoeSwitchBase(Crestron.SimplSharpPro.BoolInputSig,Crestron.SimplSharpPro.BoolInputSig,Crestron.SimplSharpPro.UShortOutputSig,Crestron.SimplSharpPro.UShortOutputSig,Crestron.SimplSharpPro.UShortOutputSig,Crestron.SimplSharpPro.UShortOutputSig)">
            <summary>
            Method to initialize the POE base. 
            </summary>
            <param name="paramPoeEnableAll">The EnableAllSig.</param>
            <param name="paramPoeDisableAll">The PoeDisableAllSig.</param>
            <param name="paramTemperatureFBInC">The Temperature Feedback in C Sig.</param>
            <param name="paramTemperatureFBInF">The Temperature Feedback in F Sig</param>
            <param name="paramFanSpeedFBInRPM">The Fan Speed Feedback in F Sig.</param>
            <param name="paramFanSpeedFBInPercentage">The Fand Speed Feedback in Percentage Sig.</param>
        </member>
        <member name="M:Crestron.SimplSharpPro.EthernetCommunication.PoeSwitchBase.OnPoePortStateChange(Crestron.SimplSharpPro.EthernetCommunication.PoePortEventArgs)">
            <summary>
            Event handler for POE Port events.
            </summary>
            <param name="args">POE Port event argument.</param>
        </member>
        <member name="E:Crestron.SimplSharpPro.EthernetCommunication.PoeSwitchBase.PoePortStateChange">
            <summary>
            Event fired when a POE port state change was received from the device.
            The user needs to subscribe this event with an event handler having the
            same signature of PoePortEventHandler.
            </summary>
        </member>
        <member name="T:Crestron.SimplSharpPro.InterProgramCommunication.InterProgramCommunication">
            <summary>
            Inter-Program Communications Device. This is used to send and recieve joins between rooms on a VC-4 based system. 
            </summary>
        </member>
        <member name="P:Crestron.SimplSharpPro.InterProgramCommunication.InterProgramCommunication.RoomId">
            <summary>
            RoomID this InterProgram Comminications device will connect with.
            </summary>
        </member>
        <member name="F:Crestron.SimplSharpPro.InterProgramCommunication.InterProgramCommunication._internalIpcDevice">
            <summary>
            Internal communication information.
            </summary>
        </member>
        <member name="M:Crestron.SimplSharpPro.InterProgramCommunication.InterProgramCommunication.#ctor(System.String,Crestron.SimplSharpPro.CrestronControlSystem)">
            <summary>
            Constructor to generate an Interprogram Communincations Device for use on VC-4 systems.
            </summary>
            <param name="paramRoomId">RoomId this device will communicate with.</param>
            <param name="paramControlSystem">Control system this device is a part of.</param>
        </member>
    </members>
</doc>
