<?xml version="1.0"?>
<doc>
    <assembly>
        <name>Crestron.SimplSharpPro.ThreeSeriesCards</name>
    </assembly>
    <members>
        <member name="T:Crestron.SimplSharpPro.ThreeSeriesCards.C3ir8">
            <summary>
            Crestron three series plugin card that provides eight IR ports.
            </summary>
        </member>
        <member name="M:Crestron.SimplSharpPro.ThreeSeriesCards.C3ir8.#ctor(System.UInt32,Crestron.SimplSharpProInternal.Ci3MultiCardCage)">
            <summary>
            Constructor to generate a new three series eight port IR card installed in a multi card cage.
            </summary>
            <param name="paramCardID">ID of the Card.</param>
            <param name="paramCardCage">Multi card cage that has this card installed in.</param>
        </member>
        <member name="M:Crestron.SimplSharpPro.ThreeSeriesCards.C3ir8.#ctor(Crestron.SimplSharpProInternal.Ci3SingleCardCage)">
            <summary>
            Constructor to generate a new three series eight port IR card installed in a single card cage.
            </summary>        
            <param name="paramCardCage">Single card cage that has this card installed in.</param>
        </member>
        <member name="M:Crestron.SimplSharpPro.ThreeSeriesCards.C3ir8.#ctor(System.UInt32,Crestron.SimplSharpPro.CrestronControlSystem)">
            <summary>
            Constructor to generate a new three series eight port IR card installed in a three series control system.
            </summary>
            <param name="paramSlotID">Slot number this card is installed in.</param>
            <param name="paramControlSystem">Control system this card is attached to.</param>
        </member>
        <member name="P:Crestron.SimplSharpPro.ThreeSeriesCards.C3ir8.IROutputPorts">
            <summary>
            Collection of IR output ports on the device.
            </summary>
        </member>
        <member name="P:Crestron.SimplSharpPro.ThreeSeriesCards.C3ir8.NumberOfIROutputPorts">
            <summary>
            Number of IR output ports this device supports.
            </summary>
        </member>
        <member name="F:Crestron.SimplSharpPro.ThreeSeriesCards.C3IR_8.IRPort1">
            <summary>
            IR Output Port
            </summary>
        </member>
        <member name="F:Crestron.SimplSharpPro.ThreeSeriesCards.C3IR_8.IRPort2">
            <summary>
            IR Output Port
            </summary>
        </member>
        <member name="F:Crestron.SimplSharpPro.ThreeSeriesCards.C3IR_8.IRPort3">
            <summary>
            IR Output Port
            </summary>
        </member>
        <member name="F:Crestron.SimplSharpPro.ThreeSeriesCards.C3IR_8.IRPort4">
            <summary>
            IR Output Port
            </summary>
        </member>
        <member name="F:Crestron.SimplSharpPro.ThreeSeriesCards.C3IR_8.IRPort5">
            <summary>
            IR Output Port
            </summary>
        </member>
        <member name="F:Crestron.SimplSharpPro.ThreeSeriesCards.C3IR_8.IRPort6">
            <summary>
            IR Output Port
            </summary>
        </member>
        <member name="F:Crestron.SimplSharpPro.ThreeSeriesCards.C3IR_8.IRPort7">
            <summary>
            IR Output Port
            </summary>
        </member>
        <member name="F:Crestron.SimplSharpPro.ThreeSeriesCards.C3IR_8.IRPort8">
            <summary>
            IR Output Port
            </summary>
        </member>
        <member name="M:Crestron.SimplSharpPro.ThreeSeriesCards.C3IR_8.#ctor(Crestron.SimplSharpProInternal.ThreeSeriesMultiCardCage,System.UInt32,System.Object)">
            <summary>
            Constructor used when the device is added to a Multi Card Cage        
            </summary>
            <param name="CardID">Card slot this card is in (1, 2, 3, etc.)</param>
            <param name="CardCage">Card cage to add this card to.</param>
            <param name="paramParent">The parent that a given object was added to.</param>
        </member>
        <member name="M:Crestron.SimplSharpPro.ThreeSeriesCards.C3IR_8.#ctor(Crestron.SimplSharpProInternal.ThreeSeriesSingleCardCage,System.Object)">
            <summary>
            Constructor used when the device is added to a Single Card Cage        
            </summary>
            <param name="CardCage">Single Card Cage to add this to.</param>
            <param name="paramParent">The parent that a given object was added to.</param>
        </member>
        <member name="M:Crestron.SimplSharpPro.ThreeSeriesCards.C3IR_8.#ctor(Crestron.SimplSharpPro.CrestronControlSystem,System.UInt32,System.Object)">
            <summary>
            Constructor used when the device it attached to the Controller's Built in card cage.
            </summary>
            <param name="controllerToAddThisCardTo">Control system this device is attached to.</param>
            <param name="SlotID">Slot ID of the device.</param>
            <param name="paramParent">The parent that a given object was added to.</param>
        </member>
        <member name="M:Crestron.SimplSharpPro.ThreeSeriesCards.C3IR_8.InitializeIRPorts(System.Object)">
            <summary>
            Function to initialize the build in IR Output ports.
            </summary>
        </member>
        <member name="P:Crestron.SimplSharpPro.ThreeSeriesCards.C3IR_8.IROutputPorts">
            <summary>
            Array of IR ports on the device.
            </summary>
        </member>
        <member name="P:Crestron.SimplSharpPro.ThreeSeriesCards.C3IR_8.NumberOfIROutputPorts">
            <summary>
            Number of IR ports this device supports.
            </summary>
        </member>
        <member name="T:Crestron.SimplSharpPro.ThreeSeriesCards.CenCi33">
            <summary>
            Three card ethernet interface for 3-Series control systems. This unit allows for three card to be controlled.
            </summary>
        </member>
        <member name="M:Crestron.SimplSharpPro.ThreeSeriesCards.CenCi33.#ctor(System.UInt32,Crestron.SimplSharpPro.CrestronControlSystem)">
            <summary>
            Constructor to generate a new Crestron Three Series Three Card Cage.
            </summary>
            <param name="paramIPID">Ethernet IPID of the device.</param>        
            <param name="paramControlSystem">Control system this ethernet device is a part of.</param>
        </member>
        <member name="M:Crestron.SimplSharpPro.ThreeSeriesCards.Ethernet_CEN_CI3_3.#ctor(System.UInt32,Crestron.SimplSharpPro.CrestronControlSystem)">
            <summary>
            Constructor used to add the device to the controller.
            </summary>
            <param name="IPID">ID of this device</param>
            <param name="Owner">Control System to add to. Currently only supports 'this'.</param>
        </member>
        <member name="T:Crestron.SimplSharpPro.ThreeSeriesCards.C3io16">
            <summary>
            Crestron IO card that provides two banks of eight versiports. This card is compatible with three series card cages.
            </summary>
        </member>
        <member name="M:Crestron.SimplSharpPro.ThreeSeriesCards.C3io16.#ctor(System.UInt32,Crestron.SimplSharpProInternal.Ci3MultiCardCage)">
            <summary>
            Constructor to generate a new three series sixteen IO card installed in a multi card cage.
            </summary>
            <param name="paramCardID">ID of the Card.</param>
            <param name="paramCardCage">Multi card cage that has this card installed in.</param>
        </member>
        <member name="M:Crestron.SimplSharpPro.ThreeSeriesCards.C3io16.#ctor(Crestron.SimplSharpProInternal.Ci3SingleCardCage)">
            <summary>
            Constructor to generate a new three series sixteen IO card installed in a single card cage.
            </summary>        
            <param name="paramCardCage">Single card cage that has this card installed in.</param>
        </member>
        <member name="M:Crestron.SimplSharpPro.ThreeSeriesCards.C3io16.#ctor(System.UInt32,Crestron.SimplSharpPro.CrestronControlSystem)">
            <summary>
            Constructor to generate a new three series sixteen IO card installed in a three series control system.
            </summary>
            <param name="paramSlotID">Slot number this card is installed in.</param>
            <param name="paramControlSystem">Control system this card is attached to.</param>
        </member>
        <member name="P:Crestron.SimplSharpPro.ThreeSeriesCards.C3io16.VersiPorts">
            <summary>
            Array of versiports on the device.
            </summary>
        </member>
        <member name="P:Crestron.SimplSharpPro.ThreeSeriesCards.C3io16.NumberOfVersiPorts">
            <summary>
            Number of versiports this device supports.
            </summary>
        </member>
        <member name="F:Crestron.SimplSharpPro.ThreeSeriesCards.C3IO_16.VersiportPort1">
            <summary>
            Versiport that support Digital Input, Digital output, and Analog Input.
            </summary>
        </member>
        <member name="F:Crestron.SimplSharpPro.ThreeSeriesCards.C3IO_16.VersiportPort2">
            <summary>
            Versiport that support Digital Input, Digital output, and Analog Input.
            </summary>
        </member>
        <member name="F:Crestron.SimplSharpPro.ThreeSeriesCards.C3IO_16.VersiportPort3">
            <summary>
            Versiport that support Digital Input, Digital output, and Analog Input.
            </summary>
        </member>
        <member name="F:Crestron.SimplSharpPro.ThreeSeriesCards.C3IO_16.VersiportPort4">
            <summary>
            Versiport that support Digital Input, Digital output, and Analog Input.
            </summary>
        </member>
        <member name="F:Crestron.SimplSharpPro.ThreeSeriesCards.C3IO_16.VersiportPort5">
            <summary>
            Versiport that support Digital Input, Digital output, and Analog Input.
            </summary>
        </member>
        <member name="F:Crestron.SimplSharpPro.ThreeSeriesCards.C3IO_16.VersiportPort6">
            <summary>
            Versiport that support Digital Input, Digital output, and Analog Input.
            </summary>
        </member>
        <member name="F:Crestron.SimplSharpPro.ThreeSeriesCards.C3IO_16.VersiportPort7">
            <summary>
            Versiport that support Digital Input, Digital output, and Analog Input.
            </summary>
        </member>
        <member name="F:Crestron.SimplSharpPro.ThreeSeriesCards.C3IO_16.VersiportPort8">
            <summary>
            Versiport that support Digital Input, Digital output, and Analog Input.
            </summary>
        </member>
        <member name="F:Crestron.SimplSharpPro.ThreeSeriesCards.C3IO_16.VersiportPort9">
            <summary>
            Versiport that support Digital Input, Digital output, and Analog Input.
            </summary>
        </member>
        <member name="F:Crestron.SimplSharpPro.ThreeSeriesCards.C3IO_16.VersiportPort10">
            <summary>
            Versiport that support Digital Input, Digital output, and Analog Input.
            </summary>
        </member>
        <member name="F:Crestron.SimplSharpPro.ThreeSeriesCards.C3IO_16.VersiportPort11">
            <summary>
            Versiport that support Digital Input, Digital output, and Analog Input.
            </summary>
        </member>
        <member name="F:Crestron.SimplSharpPro.ThreeSeriesCards.C3IO_16.VersiportPort12">
            <summary>
            Versiport that support Digital Input, Digital output, and Analog Input.
            </summary>
        </member>
        <member name="F:Crestron.SimplSharpPro.ThreeSeriesCards.C3IO_16.VersiportPort13">
            <summary>
            Versiport that support Digital Input, Digital output, and Analog Input.
            </summary>
        </member>
        <member name="F:Crestron.SimplSharpPro.ThreeSeriesCards.C3IO_16.VersiportPort14">
            <summary>
            Versiport that support Digital Input, Digital output, and Analog Input.
            </summary>
        </member>
        <member name="F:Crestron.SimplSharpPro.ThreeSeriesCards.C3IO_16.VersiportPort15">
            <summary>
            Versiport that support Digital Input, Digital output, and Analog Input.
            </summary>
        </member>
        <member name="F:Crestron.SimplSharpPro.ThreeSeriesCards.C3IO_16.VersiportPort16">
            <summary>
            Versiport that support Digital Input, Digital output, and Analog Input.
            </summary>
        </member>
        <member name="M:Crestron.SimplSharpPro.ThreeSeriesCards.C3IO_16.#ctor(Crestron.SimplSharpProInternal.ThreeSeriesMultiCardCage,System.UInt32,System.Object)">
            <summary>
            Constructor used when the device is added to a Multi Card Cage        
            </summary>
            <param name="CardID">Card slot this card is in (1, 2, 3, etc.)</param>
            <param name="CardCage">Card cage to add this card to.</param>
            <param name="paramParent">The parent that a given object was added to.</param>
        </member>
        <member name="M:Crestron.SimplSharpPro.ThreeSeriesCards.C3IO_16.#ctor(Crestron.SimplSharpProInternal.ThreeSeriesSingleCardCage,System.Object)">
            <summary>
            Constructor used when the device is added to a Single Card Cage        
            </summary>
            <param name="CardCage">Single Card Cage to add this to.</param>
            <param name="paramParent">The parent that a given object was added to.</param>
        </member>
        <member name="M:Crestron.SimplSharpPro.ThreeSeriesCards.C3IO_16.#ctor(Crestron.SimplSharpPro.CrestronControlSystem,System.UInt32,System.Object)">
            <summary>
            Constructor used when the device it attached to the Controller's Built in card cage.
            </summary>
            <param name="controllerToAddThisCardTo">Control system this device is attached to.</param>
            <param name="SlotID">Slot ID of the device.</param>
            <param name="paramParent">The parent that a given object was added to.</param>
        </member>
        <member name="M:Crestron.SimplSharpPro.ThreeSeriesCards.C3IO_16.InitializeVersiports(System.Object)">
            <summary>
            Function to initialize the built in versiports.
            </summary>
        </member>
        <member name="P:Crestron.SimplSharpPro.ThreeSeriesCards.C3IO_16.VersiPorts">
            <summary>
            Array of versiports on the device.
            </summary>
        </member>
        <member name="P:Crestron.SimplSharpPro.ThreeSeriesCards.C3IO_16.NumberOfVersiPorts">
            <summary>
            Number of versiports this device supports.
            </summary>
        </member>
        <member name="T:Crestron.SimplSharpPro.ThreeSeriesCards.CenCi31">
            <summary>
            Single card ethernet interface for 3-Series control systems. This unit allows for one card to be controlled.
            </summary>
        </member>
        <member name="M:Crestron.SimplSharpPro.ThreeSeriesCards.CenCi31.#ctor(System.UInt32,Crestron.SimplSharpPro.CrestronControlSystem)">
            <summary>
            Constructor to generate a new Crestron Single Series Three Card Cage.
            </summary>
            <param name="paramIPID">Ethernet IPID of the device.</param>        
            <param name="paramControlSystem">Control system this ethernet device is a part of.</param>        
        </member>
        <member name="M:Crestron.SimplSharpPro.ThreeSeriesCards.Ethernet_CEN_CI3_1.#ctor(System.UInt32,Crestron.SimplSharpPro.CrestronControlSystem)">
            <summary>
            Constructor used to add the device to the controller.
            </summary>
            <param name="IPID">ID of this device</param>
            <param name="Owner">Control System to add to. Currently only supports 'this'.</param>
        </member>
        <member name="T:Crestron.SimplSharpPro.ThreeSeriesCards.C3com3">
            <summary>
            Crestron serial COM card compatible with three series card cages.
            </summary>
        </member>
        <member name="M:Crestron.SimplSharpPro.ThreeSeriesCards.C3com3.#ctor(System.UInt32,Crestron.SimplSharpProInternal.Ci3MultiCardCage)">
            <summary>
            Constructor to generate a new three series three com card installed in a multi card cage.
            </summary>
            <param name="paramCardID">ID of the Card.</param>
            <param name="paramCardCage">Multi card cage that has this card installed in.</param>
        </member>
        <member name="M:Crestron.SimplSharpPro.ThreeSeriesCards.C3com3.#ctor(Crestron.SimplSharpProInternal.Ci3SingleCardCage)">
            <summary>
            Constructor to generate a new three series three com card installed in a single card cage.
            </summary>        
            <param name="paramCardCage">Single card cage that has this card installed in.</param>
        </member>
        <member name="M:Crestron.SimplSharpPro.ThreeSeriesCards.C3com3.#ctor(System.UInt32,Crestron.SimplSharpPro.CrestronControlSystem)">
            <summary>
            Constructor to generate a new three series three com card installed in a three series control system.
            </summary>
            <param name="paramSlotID">Slot number this card is installed in.</param>
            <param name="paramControlSystem">Control system this card is attached to.</param>
        </member>
        <member name="P:Crestron.SimplSharpPro.ThreeSeriesCards.C3com3.ComPorts">
            <summary>
            Collection of serial COM ports on the device.
            </summary>
        </member>
        <member name="P:Crestron.SimplSharpPro.ThreeSeriesCards.C3com3.NumberOfComPorts">
            <summary>
            Number of serial COM ports this device supports.
            </summary>
        </member>
        <member name="F:Crestron.SimplSharpPro.ThreeSeriesCards.C3COM_3.ComPort1">
            <summary>
            Data Bit Support: 7, 8
            Stop Bit Support: 2, 1
            SW HandShaking Support: XONR, XONT, XON, (None)
            Protocol Support: RS485, (RS232), RS422
            Parity Support: O, E, N
            HW HandShaking Support: RTS, CTS, RTS/CTS, (None)
            Baud Rate Support: 1200, 1800, 2400, 3600, 4800, 7200, 9600, 14400, 19200, 28800, 38400, 57600, 115200
            </summary>
        </member>
        <member name="F:Crestron.SimplSharpPro.ThreeSeriesCards.C3COM_3.ComPort2">
            <summary>
            Data Bit Support: 7, 8
            Stop Bit Support: 2, 1
            SW HandShaking Support: XONR, XONT, XON, (None)
            Protocol Support: RS485, (RS232), RS422
            Parity Support: O, E, N
            HW HandShaking Support: RTS, CTS, RTS/CTS, (None)
            Baud Rate Support: 1200, 1800, 2400, 3600, 4800, 7200, 9600, 14400, 19200, 28800, 38400, 57600, 115200
            </summary>
        </member>
        <member name="F:Crestron.SimplSharpPro.ThreeSeriesCards.C3COM_3.ComPort3">
            <summary>
            Data Bit Support: 7, 8
            Stop Bit Support: 2, 1
            SW HandShaking Support: XONR, XONT, XON, (None)
            Protocol Support: RS485, (RS232), RS422
            Parity Support: O, E, N
            HW HandShaking Support: RTS, CTS, RTS/CTS, (None)
            Baud Rate Support: 1200, 1800, 2400, 3600, 4800, 7200, 9600, 14400, 19200, 28800, 38400, 57600, 115200
            </summary>
        </member>
        <member name="M:Crestron.SimplSharpPro.ThreeSeriesCards.C3COM_3.#ctor(Crestron.SimplSharpProInternal.ThreeSeriesMultiCardCage,System.UInt32,System.Object)">
            <summary>
            Constructor used when the device is added to a Multi Card Cage        
            </summary>
            <param name="CardID">Card slot this card is in (1, 2, 3, etc.)</param>
            <param name="CardCage">Card cage to add this card to.</param>
            <param name="paramParent">The parent that a given object was added to.</param>
        </member>
        <member name="M:Crestron.SimplSharpPro.ThreeSeriesCards.C3COM_3.#ctor(Crestron.SimplSharpProInternal.ThreeSeriesSingleCardCage,System.Object)">
            <summary>
            Constructor used when the device is added to a Single Card Cage        
            </summary>
            <param name="CardCage">Single Card Cage to add this to.</param>
            <param name="paramParent">The parent that a given object was added to.</param>
        </member>
        <member name="M:Crestron.SimplSharpPro.ThreeSeriesCards.C3COM_3.#ctor(Crestron.SimplSharpPro.CrestronControlSystem,System.UInt32,System.Object)">
            <summary>
            Constructor used when the device it attached to the Controller's Built in card cage.
            </summary>
            <param name="controllerToAddThisCardTo">Control system this device is attached to.</param>
            <param name="SlotID">Slot ID of the device.</param>
            <param name="paramParent">The parent that a given object was added to.</param>
        </member>
        <member name="M:Crestron.SimplSharpPro.ThreeSeriesCards.C3COM_3.InitializeComPorts(System.Object)">
            <summary>
            Function to initialize the built in Com Ports
            </summary>
        </member>
        <member name="P:Crestron.SimplSharpPro.ThreeSeriesCards.C3COM_3.ComPorts">
            <summary>
            Array of serial COM ports on the device.
            </summary>
        </member>
        <member name="P:Crestron.SimplSharpPro.ThreeSeriesCards.C3COM_3.NumberOfComPorts">
            <summary>
            Number of serial COM ports this device supports.
            </summary>
        </member>
        <member name="T:Crestron.SimplSharpPro.ThreeSeriesCards.C3ry8">
            <summary>
            Crestron three series plugin card that provides eight relay ports.
            </summary>
        </member>
        <member name="T:Crestron.SimplSharpPro.ThreeSeriesCards.C3ry">
            <summary>
            Base three series relay card. 
            </summary>
        </member>
        <member name="F:Crestron.SimplSharpPro.ThreeSeriesCards.C3ry._CastingOfInternalCard">
            <summary>
            Internal storage of the three series card that contains the relay ports.
            </summary>
        </member>
        <member name="M:Crestron.SimplSharpPro.ThreeSeriesCards.C3ry.#ctor(System.String,System.Object)">
            <summary>
            Constructor to generate a base three series relay card.
            </summary>
            <param name="paramDeviceName">Name of the three series card.</param>   
            <param name="paramParent">The parent that a given object was added to.</param>     
        </member>
        <member name="M:Crestron.SimplSharpPro.ThreeSeriesCards.C3ry.InitializeDevice">
            <summary>
            Method to initialize the base relay card device.
            </summary>
        </member>
        <member name="P:Crestron.SimplSharpPro.ThreeSeriesCards.C3ry.RelayPorts">
            <summary>
            Collection of relay ports on the device.
            </summary>
        </member>
        <member name="P:Crestron.SimplSharpPro.ThreeSeriesCards.C3ry.NumberOfRelayPorts">
            <summary>
            Number of relay ports this device supports.
            </summary>
        </member>
        <member name="M:Crestron.SimplSharpPro.ThreeSeriesCards.C3ry8.#ctor(System.UInt32,Crestron.SimplSharpProInternal.Ci3MultiCardCage)">
            <summary>
            Constructor to generate a new three series eight port relay card installed in a multi card cage.
            </summary>
            <param name="paramCardID">ID of the Card.</param>
            <param name="paramCardCage">Multi card cage that has this card installed in.</param>
        </member>
        <member name="M:Crestron.SimplSharpPro.ThreeSeriesCards.C3ry8.#ctor(Crestron.SimplSharpProInternal.Ci3SingleCardCage)">
            <summary>
            Constructor to generate a new three series eight port relay card installed in a single card cage.
            </summary>        
            <param name="paramCardCage">Single card cage that has this card installed in.</param>
        </member>
        <member name="M:Crestron.SimplSharpPro.ThreeSeriesCards.C3ry8.#ctor(System.UInt32,Crestron.SimplSharpPro.CrestronControlSystem)">
            <summary>
            Constructor to generate a new three series eight port relay card installed in a three series control system.
            </summary>
            <param name="paramSlotID">Slot number this card is installed in.</param>
            <param name="paramControlSystem">Control system this card is attached to.</param>
        </member>
        <member name="F:Crestron.SimplSharpPro.ThreeSeriesCards.C3RY_8.Relay1">
            <summary>
            Relay Port
            </summary>
        </member>
        <member name="F:Crestron.SimplSharpPro.ThreeSeriesCards.C3RY_8.Relay2">
            <summary>
            Relay Port
            </summary>
        </member>
        <member name="F:Crestron.SimplSharpPro.ThreeSeriesCards.C3RY_8.Relay3">
            <summary>
            Relay Port
            </summary>
        </member>
        <member name="F:Crestron.SimplSharpPro.ThreeSeriesCards.C3RY_8.Relay4">
            <summary>
            Relay Port
            </summary>
        </member>
        <member name="F:Crestron.SimplSharpPro.ThreeSeriesCards.C3RY_8.Relay5">
            <summary>
            Relay Port
            </summary>
        </member>
        <member name="F:Crestron.SimplSharpPro.ThreeSeriesCards.C3RY_8.Relay6">
            <summary>
            Relay Port
            </summary>
        </member>
        <member name="F:Crestron.SimplSharpPro.ThreeSeriesCards.C3RY_8.Relay7">
            <summary>
            Relay Port
            </summary>
        </member>
        <member name="F:Crestron.SimplSharpPro.ThreeSeriesCards.C3RY_8.Relay8">
            <summary>
            Relay Port
            </summary>
        </member>
        <member name="M:Crestron.SimplSharpPro.ThreeSeriesCards.C3RY_8.#ctor(Crestron.SimplSharpProInternal.ThreeSeriesMultiCardCage,System.UInt32,System.Object)">
            <summary>
            Constructor used when the device is added to a Multi Card Cage        
            </summary>
            <param name="CardID">Card slot this card is in (1, 2, 3, etc.)</param>
            <param name="CardCage">Card cage to add this card to.</param>
            <param name="paramParent">The parent that a given object was added to.</param>
        </member>
        <member name="M:Crestron.SimplSharpPro.ThreeSeriesCards.C3RY_8.#ctor(Crestron.SimplSharpProInternal.ThreeSeriesSingleCardCage,System.Object)">
            <summary>
            Constructor used when the device is added to a Single Card Cage        
            </summary>
            <param name="CardCage">Single Card Cage to add this to.</param>
            <param name="paramParent">The parent that a given object was added to.</param>
        </member>
        <member name="M:Crestron.SimplSharpPro.ThreeSeriesCards.C3RY_8.#ctor(Crestron.SimplSharpPro.CrestronControlSystem,System.UInt32,System.Object)">
            <summary>
            Constructor used when the device it attached to the Controller's Built in card cage.
            </summary>
            <param name="controllerToAddThisCardTo">Control system this device is attached to.</param>
            <param name="SlotID">Slot ID of the device.</param>
            <param name="paramParent">The parent that a given object was added to.</param>
        </member>
        <member name="M:Crestron.SimplSharpPro.ThreeSeriesCards.C3RY_8.InitializeRelays(System.Object)">
            <summary>
            Function to initialize the built-in relays
            </summary>
        </member>
        <member name="P:Crestron.SimplSharpPro.ThreeSeriesCards.C3RY_8.RelayPorts">
            <summary>
            Array of relay ports on the device.
            </summary>
        </member>
        <member name="P:Crestron.SimplSharpPro.ThreeSeriesCards.C3RY_8.NumberOfRelayPorts">
            <summary>
            Number of relay ports this device supports.
            </summary>
        </member>
        <member name="T:Crestron.SimplSharpPro.ThreeSeriesCards.C3ry16">
            <summary>
            Crestron three series plugin card that provides sixteen relay ports.
            </summary>
        </member>
        <member name="M:Crestron.SimplSharpPro.ThreeSeriesCards.C3ry16.#ctor(System.UInt32,Crestron.SimplSharpProInternal.Ci3MultiCardCage)">
            <summary>
            Constructor to generate a new three series sixteen port relay card installed in a multi card cage.
            </summary>
            <param name="paramCardID">ID of the Card.</param>
            <param name="paramCardCage">Multi card cage that has this card installed in.</param>
        </member>
        <member name="M:Crestron.SimplSharpPro.ThreeSeriesCards.C3ry16.#ctor(Crestron.SimplSharpProInternal.Ci3SingleCardCage)">
            <summary>
            Constructor to generate a new three series sixteen port relay card installed in a single card cage.
            </summary>        
            <param name="paramCardCage">Single card cage that has this card installed in.</param>
        </member>
        <member name="M:Crestron.SimplSharpPro.ThreeSeriesCards.C3ry16.#ctor(System.UInt32,Crestron.SimplSharpPro.CrestronControlSystem)">
            <summary>
            Constructor to generate a new three series sixteen port relay card installed in a three series control system.
            </summary>
            <param name="paramSlotID">Slot number this card is installed in.</param>
            <param name="paramControlSystem">Control system this card is attached to.</param>
        </member>
        <member name="F:Crestron.SimplSharpPro.ThreeSeriesCards.C3RY_16.Relay1">
            <summary>
            Relay Port
            </summary>
        </member>
        <member name="F:Crestron.SimplSharpPro.ThreeSeriesCards.C3RY_16.Relay2">
            <summary>
            Relay Port
            </summary>
        </member>
        <member name="F:Crestron.SimplSharpPro.ThreeSeriesCards.C3RY_16.Relay3">
            <summary>
            Relay Port
            </summary>
        </member>
        <member name="F:Crestron.SimplSharpPro.ThreeSeriesCards.C3RY_16.Relay4">
            <summary>
            Relay Port
            </summary>
        </member>
        <member name="F:Crestron.SimplSharpPro.ThreeSeriesCards.C3RY_16.Relay5">
            <summary>
            Relay Port
            </summary>
        </member>
        <member name="F:Crestron.SimplSharpPro.ThreeSeriesCards.C3RY_16.Relay6">
            <summary>
            Relay Port
            </summary>
        </member>
        <member name="F:Crestron.SimplSharpPro.ThreeSeriesCards.C3RY_16.Relay7">
            <summary>
            Relay Port
            </summary>
        </member>
        <member name="F:Crestron.SimplSharpPro.ThreeSeriesCards.C3RY_16.Relay8">
            <summary>
            Relay Port
            </summary>
        </member>
        <member name="F:Crestron.SimplSharpPro.ThreeSeriesCards.C3RY_16.Relay9">
            <summary>
            Relay Port
            </summary>
        </member>
        <member name="F:Crestron.SimplSharpPro.ThreeSeriesCards.C3RY_16.Relay10">
            <summary>
            Relay Port
            </summary>
        </member>
        <member name="F:Crestron.SimplSharpPro.ThreeSeriesCards.C3RY_16.Relay11">
            <summary>
            Relay Port
            </summary>
        </member>
        <member name="F:Crestron.SimplSharpPro.ThreeSeriesCards.C3RY_16.Relay12">
            <summary>
            Relay Port
            </summary>
        </member>
        <member name="F:Crestron.SimplSharpPro.ThreeSeriesCards.C3RY_16.Relay13">
            <summary>
            Relay Port
            </summary>
        </member>
        <member name="F:Crestron.SimplSharpPro.ThreeSeriesCards.C3RY_16.Relay14">
            <summary>
            Relay Port
            </summary>
        </member>
        <member name="F:Crestron.SimplSharpPro.ThreeSeriesCards.C3RY_16.Relay15">
            <summary>
            Relay Port
            </summary>
        </member>
        <member name="F:Crestron.SimplSharpPro.ThreeSeriesCards.C3RY_16.Relay16">
            <summary>
            Relay Port
            </summary>
        </member>
        <member name="M:Crestron.SimplSharpPro.ThreeSeriesCards.C3RY_16.#ctor(Crestron.SimplSharpPro.CrestronControlSystem,System.UInt32,System.Object)">
            <summary>
            Constructor used when the device it attached to the Controller's Built in card cage.
            </summary>
            <param name="controllerToAddThisCardTo">Control system this device is attached to.</param>
            <param name="SlotID">Slot ID of the device.</param>
            <param name="paramParent">The parent that a given object was added to.</param>
        </member>
        <member name="M:Crestron.SimplSharpPro.ThreeSeriesCards.C3RY_16.#ctor(Crestron.SimplSharpProInternal.ThreeSeriesMultiCardCage,System.UInt32,System.Object)">
            <summary>
            Constructor used when the device is added to a Multi Card Cage        
            </summary>
            <param name="CardID">Card slot this card is in (1, 2, 3, etc.)</param>
            <param name="CardCage">Card cage to add this card to.</param>
            <param name="paramParent">The parent that a given object was added to.</param>
        </member>
        <member name="M:Crestron.SimplSharpPro.ThreeSeriesCards.C3RY_16.#ctor(Crestron.SimplSharpProInternal.ThreeSeriesSingleCardCage,System.Object)">
            <summary>
            Constructor used when the device is added to a Single Card Cage        
            </summary>
            <param name="CardCage">Single Card Cage to add this to.</param>
            <param name="paramParent">The parent that a given object was added to.</param>
        </member>
        <member name="M:Crestron.SimplSharpPro.ThreeSeriesCards.C3RY_16.InitializeRelays(System.Object)">
            <summary>
            Function to initialize the built-in relays
            </summary>
        </member>
        <member name="P:Crestron.SimplSharpPro.ThreeSeriesCards.C3RY_16.RelayPorts">
            <summary>
            Collection of relay ports on the device.
            </summary>
        </member>
        <member name="P:Crestron.SimplSharpPro.ThreeSeriesCards.C3RY_16.NumberOfRelayPorts">
            <summary>
            Number of relay ports this device supports.
            </summary>
        </member>
    </members>
</doc>
